study_hours,attendance,previous_marks,assignments,internal_marks,final_marks
3.2,21.6,71.5,4,11.5,44.7
4.4,11.3,69.9,3,14.4,37.7
5.7,82.0,93.2,5,16.8,72.8
3.1,44.4,20.9,3,0.9,27.7
13.2,16.2,55.9,0,14.5,57.8
3.6,78.8,69.5,6,3.9,51.4
15.5,9.3,73.8,10,14.0,78.5
4.3,90.1,60.3,6,7.3,54.0
8.8,82.1,98.0,2,11.3,70.1
4.5,84.3,23.9,3,11.2,44.5
6.4,53.0,8.1,0,13.5,35.6
0.9,28.0,87.4,2,8.5,34.3
12.7,86.4,36.4,4,4.8,61.8
5.8,43.2,2.0,5,13.2,28.7
2.1,89.2,1.5,7,5.2,33.6
8.4,62.5,73.9,9,10.4,70.4
10.8,10.7,17.0,5,7.4,37.8
6.6,15.1,11.7,0,12.7,26.0
0.6,82.5,29.7,8,3.6,33.3
4.2,14.5,39.6,2,0.8,24.2
12.8,83.2,81.5,2,13.6,83.5
14.0,78.8,80.7,10,10.9,88.3
2.1,8.0,15.8,7,2.2,16.4
1.2,12.8,48.1,0,2.5,23.2
0.0,23.5,95.0,2,13.7,40.2
4.4,77.2,13.8,2,13.6,41.6
12.2,98.8,27.4,6,6.8,70.5
4.4,38.8,13.4,3,11.3,27.1
0.7,58.3,99.6,8,17.1,61.4
8.9,98.8,2.7,0,19.3,47.3
13.8,70.4,41.2,0,17.3,62.1
1.7,4.5,1.6,10,10.3,19.2
4.2,67.1,13.6,7,18.6,41.6
11.9,92.2,70.1,5,5.7,77.3
14.4,84.7,43.5,10,0.7,79.0
11.2,99.2,30.8,6,3.1,67.8
15.9,71.5,24.4,7,13.1,70.3
1.7,97.4,1.2,7,9.8,35.7
7.6,61.7,2.0,5,19.3,42.2
13.6,50.2,6.2,6,1.8,49.1
4.7,44.9,99.2,2,9.5,60.5
0.9,16.7,76.0,7,17.3,43.1
1.4,70.6,81.4,8,18.4,54.3
14.6,97.9,48.3,5,0.2,77.2
0.8,50.7,84.7,1,1.1,40.9
8.8,7.1,14.6,3,9.4,29.7
4.5,72.7,80.0,3,12.1,52.2
2.1,61.1,43.0,9,19.4,49.0
10.7,78.5,18.9,9,4.2,63.3
1.7,37.7,71.9,10,14.4,49.0
15.4,5.6,40.6,3,5.4,54.5
6.1,75.5,92.8,6,13.4,71.3
11.4,50.1,39.3,7,2.7,58.6
1.8,68.4,28.5,9,11.7,37.9
12.5,26.9,96.0,1,11.4,75.1
8.2,55.9,17.6,2,7.1,40.1
6.4,96.0,88.4,10,17.9,75.7
10.8,0.5,89.4,8,3.9,65.1
12.9,2.8,55.2,5,4.3,53.6
7.8,98.7,78.6,9,4.7,69.1
7.9,44.8,11.7,3,18.8,44.4
0.8,35.0,87.7,9,10.1,51.9
7.4,37.6,61.0,10,12.5,58.1
8.8,61.5,21.1,2,3.4,41.2
1.7,36.1,96.0,10,2.4,50.6
2.3,32.6,54.0,6,4.9,36.0
5.6,22.3,10.7,3,15.5,26.5
1.0,41.5,94.8,2,0.0,42.0
2.1,58.5,45.0,3,15.0,41.7
5.2,83.7,60.3,2,7.4,50.8
2.3,71.9,67.6,8,7.1,53.5
3.7,92.8,29.0,10,17.7,49.0
6.7,92.3,46.6,7,17.1,66.2
4.1,29.1,25.1,4,16.7,30.2
9.1,51.7,99.1,4,14.6,75.3
13.4,49.2,49.8,10,14.0,70.3
0.8,66.9,88.2,4,17.3,48.3
10.7,23.2,81.0,1,12.1,61.9
15.0,62.7,30.9,10,19.8,77.3
5.3,69.8,54.7,10,0.9,55.6
8.1,66.4,77.5,0,9.1,57.5
9.8,62.0,87.8,8,4.1,77.5
9.7,4.2,54.3,3,17.5,53.4
13.3,44.5,21.3,8,1.8,57.1
15.8,40.1,75.4,10,9.9,81.1
1.1,93.6,41.8,9,9.3,41.7
1.6,25.8,80.8,2,19.9,45.8
3.8,85.3,5.9,4,16.3,41.6
14.3,81.7,65.4,9,8.8,83.8
6.2,30.6,99.7,0,16.9,55.8
12.3,84.1,91.4,4,0.4,76.7
13.6,66.4,71.5,5,10.3,80.6
4.5,82.9,43.5,2,2.4,40.7
0.7,97.5,32.0,10,9.2,48.0
11.9,82.4,64.7,4,13.6,70.7
14.3,52.0,65.4,10,2.7,78.5
10.7,39.0,24.8,5,10.5,45.8
14.9,95.7,13.5,0,6.2,59.3
12.2,75.2,74.8,10,2.5,75.0
5.6,25.0,65.1,2,9.6,45.0
11.5,62.0,53.6,6,9.8,71.3
12.3,54.6,8.2,3,0.6,46.9
5.7,33.5,6.4,3,8.1,24.8
13.5,72.9,6.8,0,2.1,49.9
11.9,14.0,78.9,5,2.1,65.2
13.1,31.9,58.9,5,0.0,58.9
3.0,44.4,91.8,6,16.0,58.3
2.2,81.1,90.4,7,14.5,65.5
12.0,33.2,51.1,1,17.9,62.5
14.3,15.0,45.2,10,11.7,65.5
14.1,3.9,51.1,9,0.9,58.5
2.9,42.6,8.1,2,11.3,23.4
12.4,88.2,61.9,7,11.9,82.8
2.1,0.9,92.0,8,0.7,38.7
5.1,87.8,54.9,8,15.7,56.2
4.9,99.4,48.7,5,12.9,56.7
6.9,72.8,34.4,2,18.2,52.7
10.1,17.8,92.5,0,5.0,62.6
4.9,33.3,20.6,3,12.5,28.0
2.9,20.0,78.6,6,7.3,43.0
14.8,17.2,55.1,6,8.6,69.5
3.7,46.0,43.9,10,14.8,42.9
5.2,82.4,25.2,4,15.2,48.7
5.1,9.8,72.0,10,18.2,50.5
15.9,49.7,33.5,2,19.0,69.2
6.2,58.0,6.3,4,3.1,31.6
2.3,95.3,12.7,10,11.6,39.0
3.8,61.5,23.4,4,5.3,30.3
14.6,91.0,32.2,5,13.4,74.2
5.3,33.2,26.1,3,3.3,34.1
13.3,87.8,74.9,10,15.3,87.4
0.4,27.7,72.9,10,14.8,42.4
14.5,51.9,26.0,1,12.8,58.3
1.3,53.2,72.0,6,9.1,40.9
13.2,54.5,59.8,5,8.7,73.1
9.1,67.1,89.0,10,18.5,74.8
7.2,12.4,6.4,6,4.2,33.5
7.9,11.4,91.4,5,9.8,62.7
5.7,38.1,70.0,6,9.8,52.1
14.1,92.8,15.9,8,7.8,71.8
1.5,66.3,40.0,6,17.0,41.5
1.3,7.0,40.1,5,1.1,20.5
15.7,82.4,37.1,6,5.8,73.9
6.8,76.3,62.5,9,3.4,64.8
14.2,44.9,16.6,8,13.5,62.8
0.9,19.9,67.7,2,1.2,25.0
5.8,86.1,37.1,8,1.1,51.7
4.8,14.0,62.7,0,6.3,33.7
14.6,68.0,45.6,3,9.1,74.3
10.9,61.3,46.0,4,3.3,62.1
15.6,49.4,67.7,4,19.6,78.0
10.2,20.7,38.6,6,15.9,53.2
7.8,4.9,49.0,2,14.3,41.3
0.8,89.7,27.1,7,17.6,41.1
6.3,53.5,34.3,8,16.2,47.8
4.6,84.2,84.8,7,10.0,65.2
11.9,70.4,12.5,7,9.2,57.1
11.2,94.5,82.1,0,9.6,79.8
14.1,33.6,15.8,0,18.6,53.9
15.6,55.1,33.7,0,15.6,70.1
5.6,22.3,11.7,3,4.5,31.2
0.4,97.3,44.2,10,10.4,46.9
9.8,82.3,2.6,2,14.4,49.1
12.3,48.4,75.6,6,16.4,75.6
1.9,73.8,19.3,2,5.3,26.6
1.3,10.9,15.1,6,10.2,16.9
0.7,22.0,45.2,4,1.3,21.9
0.8,9.9,19.9,8,6.8,15.3
12.1,67.5,2.3,5,14.2,52.4
16.0,70.3,93.2,7,17.9,95.1
2.5,41.6,79.5,2,14.5,46.3
8.2,27.6,60.3,3,3.3,47.0
0.4,43.6,16.1,4,11.4,22.7
2.9,9.5,64.0,5,9.5,40.8
3.6,92.1,18.2,7,6.3,41.6
12.8,65.1,98.8,8,17.2,90.3
13.1,66.5,96.2,10,10.8,84.2
0.1,21.2,94.0,2,10.0,35.6
7.0,25.7,8.3,8,2.5,31.1
14.6,60.6,74.7,0,10.4,69.9
13.1,84.7,97.9,0,16.5,88.5
9.5,69.7,98.9,9,17.2,78.3
4.0,40.4,48.7,10,3.8,43.1
13.3,89.9,95.1,3,16.1,90.0
12.9,64.8,43.1,3,4.3,59.5
13.4,39.1,86.8,0,5.9,65.8
14.0,30.1,15.8,1,5.7,44.6
9.5,22.4,10.0,7,17.6,41.7
3.3,53.7,79.8,8,13.3,57.6
11.0,2.5,33.7,10,9.2,47.8
6.6,69.5,31.0,1,10.5,45.1
2.9,78.7,45.6,2,14.2,46.9
9.3,8.9,68.8,4,7.6,49.4
14.9,28.1,61.1,4,4.5,65.5
4.9,80.7,56.6,0,14.2,46.4
5.0,20.6,76.1,10,1.3,49.0
3.0,20.2,86.1,0,0.4,41.9
2.6,4.6,31.4,4,10.1,27.4
13.6,90.3,35.0,2,17.6,68.2
2.4,71.5,9.7,10,18.7,40.5
5.9,50.1,86.2,7,7.3,62.3
4.8,88.0,22.8,8,6.5,45.2
4.1,87.1,62.5,5,15.2,58.0
12.4,25.2,26.6,3,11.6,51.0
13.7,14.5,55.1,0,17.1,60.0
3.6,10.8,73.7,0,14.8,38.3
8.7,20.4,70.5,1,2.5,45.8
8.8,15.8,90.1,6,18.9,61.2
11.7,3.2,59.8,8,9.2,56.1
11.4,83.1,36.9,3,19.4,61.6
10.5,91.6,4.8,9,12.5,56.2
4.7,85.2,64.7,7,12.6,61.1
7.0,38.9,87.6,5,6.1,63.0
10.7,39.9,6.3,8,7.6,42.6
15.9,57.7,13.4,10,1.4,66.3
15.7,88.1,14.5,6,1.3,62.9
8.7,5.2,60.7,4,14.4,50.9
10.1,87.9,67.0,7,5.7,69.2
14.3,22.4,49.3,2,12.8,60.6
5.8,90.3,83.3,10,14.6,72.0
7.6,98.5,91.9,1,1.1,62.7
10.4,99.0,61.5,10,12.5,75.0
12.8,20.8,82.2,7,6.4,67.8
3.4,74.3,56.0,2,5.5,41.3
7.0,97.6,21.6,7,7.5,57.6
14.7,64.4,92.2,6,11.1,83.7
10.5,77.5,98.3,0,17.3,76.0
3.9,22.0,82.5,2,5.2,42.3
10.0,52.6,29.6,5,12.6,53.8
14.4,75.3,99.5,0,13.9,85.9
4.0,55.4,34.3,2,11.3,37.3
11.3,32.3,22.7,4,19.5,47.8
3.2,9.5,28.8,2,7.3,18.8
1.5,14.8,11.5,5,1.1,14.2
11.8,31.5,14.0,8,12.9,56.8
3.7,2.8,33.2,10,10.1,34.6
0.5,22.7,99.6,6,11.1,40.7
2.1,87.7,32.8,3,7.2,37.3
16.0,89.6,80.3,6,13.8,89.2
4.8,75.9,13.9,5,3.9,36.6
13.3,99.5,78.9,1,9.6,85.0
4.4,9.2,37.2,6,18.5,34.7
0.4,90.5,21.4,7,12.7,35.7
2.0,27.9,19.3,6,16.7,24.4
11.4,86.2,80.3,9,13.3,87.3
2.2,53.5,64.1,7,15.7,45.9
2.2,58.0,12.6,3,13.0,29.9
2.8,83.8,42.5,1,11.3,44.2
15.8,87.0,30.4,2,8.0,68.2
6.3,98.6,61.2,4,11.0,66.1
9.3,9.1,90.1,8,12.0,65.5
1.5,56.8,90.1,4,10.8,53.7
10.1,66.4,37.4,10,16.7,65.3
1.2,66.9,78.2,2,3.0,44.4
0.7,13.4,11.1,4,2.4,15.5
16.0,28.0,43.1,10,4.2,70.3
6.6,24.3,48.0,2,18.8,39.3
9.5,69.9,82.0,5,14.0,67.6
11.9,34.3,77.1,9,16.0,78.5
13.8,23.6,55.8,10,8.7,72.0
7.9,96.5,68.1,4,17.7,72.5
9.8,96.9,13.6,2,8.7,52.4
1.0,47.6,87.2,3,15.3,49.7
0.8,89.7,11.3,7,15.4,38.7
7.5,79.3,6.5,6,6.4,43.2
3.2,5.6,60.7,10,8.3,42.4
1.7,99.0,51.0,8,16.9,52.9
4.0,72.1,52.3,10,2.9,50.0
14.4,1.9,97.7,2,12.6,67.2
10.2,45.1,40.8,9,15.8,56.8
4.9,59.2,97.5,2,5.7,57.4
14.5,88.6,31.8,0,13.5,68.5
5.7,6.4,79.7,0,6.2,41.8
3.7,3.5,88.3,8,14.6,48.0
14.9,87.3,46.6,10,11.2,78.0
5.3,2.9,76.1,1,13.5,46.5
13.9,35.5,11.7,6,0.3,48.4
1.8,15.6,92.4,10,16.4,47.2
4.8,35.4,54.7,4,12.8,39.8
7.5,36.7,28.8,2,16.2,39.3
0.3,89.4,87.1,5,2.1,52.1
11.7,98.6,54.7,0,14.6,69.4
3.0,13.7,85.7,7,6.9,46.8
0.6,55.7,45.0,1,6.2,29.3
10.2,52.1,37.5,0,5.6,50.0
7.6,41.5,44.1,2,10.7,48.2
8.1,40.9,81.4,1,14.3,53.9
2.2,93.6,66.7,6,9.4,49.4
0.9,52.9,75.2,10,19.1,54.6
11.3,73.9,49.6,10,10.1,72.8
15.4,79.4,81.5,8,4.1,83.7
12.3,54.9,12.3,9,3.7,51.2
9.4,27.7,82.7,7,14.6,61.3
7.8,15.7,95.0,8,5.1,58.3
11.5,7.4,81.3,0,3.6,53.8
12.8,33.8,69.3,6,6.8,70.0
13.2,13.3,95.7,4,19.2,77.7
8.7,30.0,19.5,8,8.8,44.7
8.9,63.8,22.2,2,11.0,47.6
6.9,41.1,70.1,5,4.6,57.9
6.2,31.3,59.0,3,1.7,44.2
13.8,11.2,27.2,3,13.8,51.9
3.4,14.4,3.8,7,5.5,26.1
4.5,67.6,13.9,0,1.4,28.4
0.8,8.0,60.5,5,14.3,34.7
14.7,96.2,59.4,8,16.5,87.8
10.7,50.6,88.0,1,13.9,72.5
12.0,13.2,23.1,2,0.9,40.2
7.9,91.1,62.9,7,14.7,65.8
5.0,7.1,91.5,5,1.0,51.0
11.7,51.6,82.0,2,1.8,64.1
15.6,80.7,64.2,3,14.9,83.2
5.4,93.0,26.2,9,11.3,49.8
11.5,35.1,43.5,6,13.3,60.8
11.3,12.0,5.8,10,7.4,49.0
4.6,13.4,3.8,10,0.2,24.8
4.7,28.2,52.7,8,11.2,43.1
7.4,33.3,19.8,3,19.6,39.6
9.3,13.1,42.4,3,8.9,41.1
3.2,63.4,59.3,3,9.6,40.8
6.6,20.0,49.8,9,9.5,48.2
9.5,27.3,4.9,4,16.8,44.8
7.0,2.3,13.4,2,13.2,27.8
6.2,1.0,42.2,10,12.0,39.1
7.4,16.4,52.7,10,15.8,48.3
13.7,9.1,98.9,5,19.6,78.2
0.2,95.8,85.6,1,4.9,51.1
12.7,32.3,63.9,0,11.8,58.9
11.4,85.7,23.0,9,1.5,62.5
7.8,19.9,40.7,4,3.7,43.9
7.4,65.1,82.1,4,10.0,67.2
12.1,35.7,1.8,7,13.5,53.2
12.1,9.7,20.2,2,7.3,41.4
5.8,71.1,8.1,2,7.4,37.5
10.5,31.3,86.0,7,12.8,71.3
11.6,44.6,53.9,8,7.5,61.9
8.8,91.5,50.2,8,10.6,66.5
10.2,1.7,64.0,3,10.7,51.5
13.2,26.3,93.4,0,15.7,72.4
10.6,67.2,15.8,1,18.2,55.4
6.2,55.3,84.4,7,9.3,57.4
6.2,37.5,9.6,0,3.5,27.1
5.5,39.5,54.4,7,10.6,47.1
14.6,52.5,46.4,4,3.4,65.4
5.4,35.4,27.2,4,19.5,35.0
4.6,39.4,90.2,2,10.9,52.7
3.4,86.4,96.2,6,10.4,63.2
10.7,65.7,15.2,7,2.6,51.4
15.6,79.8,48.4,0,2.9,68.8
5.8,13.3,20.3,9,13.7,36.4
5.0,81.3,98.5,10,11.1,76.3
8.0,37.6,21.9,5,12.1,44.8
5.8,5.4,31.8,2,16.4,35.4
15.7,15.6,67.3,10,5.1,76.9
0.2,85.3,0.2,10,7.6,33.7
14.6,61.3,70.3,10,19.6,83.3
5.1,1.0,22.6,4,18.6,29.5
1.7,15.1,93.1,6,11.2,45.9
14.1,37.2,24.6,2,0.6,48.9
8.6,42.3,8.4,0,14.2,34.5
6.0,77.5,65.1,7,15.4,65.8
4.5,21.9,4.7,4,5.6,18.4
0.0,77.7,47.1,7,0.8,40.9
9.3,12.9,85.5,7,6.1,56.3
8.0,14.5,29.9,4,10.4,39.7
14.2,60.7,17.3,9,1.0,57.5
10.5,94.9,91.4,1,0.1,70.7
12.5,88.8,87.0,3,11.3,81.6
12.1,45.2,81.3,1,11.2,69.1
14.1,59.3,70.5,6,14.4,78.0
0.8,12.4,29.6,3,13.6,24.8
9.5,52.1,35.6,8,14.2,54.0
15.5,68.6,29.2,6,19.8,78.4
4.0,81.5,28.3,0,16.1,45.2
9.5,57.6,7.1,6,7.2,41.0
13.0,15.5,40.9,1,3.5,51.7
0.1,24.8,99.3,5,20.0,42.5
10.0,14.8,44.4,3,10.7,47.4
11.4,45.0,14.3,1,12.9,48.7
14.6,77.3,57.7,0,15.6,69.8
0.7,70.7,99.5,8,17.7,64.8
9.7,83.9,78.3,7,13.4,75.0
1.8,93.0,26.8,10,7.9,41.6
8.1,24.3,97.1,3,5.1,58.7
10.1,53.0,61.2,0,18.4,59.1
2.2,33.7,21.5,1,18.3,24.8
10.8,35.6,24.8,2,5.8,49.0
10.3,30.2,23.9,6,16.2,52.8
11.8,15.5,68.3,5,12.2,58.1
6.1,54.9,59.5,8,7.6,56.6
13.7,60.3,71.1,5,11.9,78.0
15.7,47.5,31.1,4,19.0,71.2
7.6,12.7,87.8,4,7.8,59.5
1.7,91.8,67.3,4,7.4,50.0
10.6,40.8,31.6,8,12.1,54.9
2.6,6.5,0.2,4,6.3,11.6
6.9,36.1,57.3,0,5.5,39.3
13.8,76.6,41.5,2,4.7,69.2
8.7,68.2,33.0,6,6.5,50.2
13.2,5.7,33.6,1,10.9,48.0
0.2,24.2,87.3,3,15.2,38.3
4.0,47.9,39.4,5,9.2,43.1
12.9,64.8,39.8,4,7.4,67.7
5.3,25.4,69.3,8,16.8,51.3
15.6,54.8,94.5,3,16.4,85.7
10.3,68.8,38.0,10,5.7,64.2
0.3,87.7,85.3,8,15.0,62.1
2.4,69.5,6.7,8,12.2,33.9
2.5,67.1,36.9,9,2.5,41.7
13.1,19.4,91.5,8,15.5,80.6
13.9,89.6,51.2,10,5.5,78.5
7.1,20.5,72.8,5,15.5,58.9
13.1,70.4,68.9,0,16.5,75.6
13.4,32.4,30.6,4,13.2,56.6
14.9,43.6,10.2,3,10.4,52.2
13.9,79.3,3.4,3,10.6,62.7
1.5,20.5,61.1,8,16.8,44.0
1.5,72.7,40.4,2,11.5,35.4
8.5,86.6,62.3,8,6.4,66.9
5.1,75.2,95.1,10,1.9,69.1
3.7,97.6,2.8,3,18.4,38.2
10.6,17.0,82.2,5,5.8,62.9
6.5,41.4,8.5,0,8.6,31.4
6.2,53.3,29.2,2,18.4,45.3
5.5,6.6,18.6,7,4.7,30.1
12.4,89.1,13.7,10,10.7,70.3
5.8,39.9,43.3,2,4.3,35.5
4.8,32.2,20.8,2,11.9,31.3
5.1,41.4,3.7,4,10.0,28.7
6.5,4.0,22.7,0,3.7,25.3
2.1,81.7,78.9,9,17.8,56.9
8.9,51.3,16.9,1,11.8,41.0
3.8,21.0,37.3,4,0.7,30.0
4.2,96.2,57.8,7,8.6,53.8
10.0,24.0,16.2,4,16.0,40.3
14.1,87.2,59.9,10,9.4,81.1
5.6,84.3,95.1,3,13.3,67.8
13.3,33.8,91.5,5,4.9,78.8
0.3,50.5,77.8,10,3.3,49.9
0.9,74.4,60.5,5,19.9,50.4
2.7,61.8,65.1,9,9.2,48.4
12.1,48.5,35.9,1,2.4,57.5
2.9,69.8,44.9,8,10.4,50.8
10.5,40.2,79.1,9,0.2,64.6
3.2,35.6,11.3,3,19.0,32.8
10.6,96.9,41.5,2,0.9,65.4
11.0,55.6,15.2,5,10.6,56.2
15.9,43.4,95.8,7,8.3,87.1
8.7,20.8,48.1,0,16.7,43.8
6.7,65.9,14.6,9,9.4,51.6
10.8,42.4,84.9,3,2.5,62.6
14.2,40.3,72.6,5,6.7,67.8
8.5,74.0,40.8,9,3.8,61.1
11.1,29.8,30.5,5,7.5,49.0
4.9,71.4,96.1,7,2.0,63.3
2.3,47.5,51.5,9,11.7,44.6
6.1,60.1,18.3,5,19.2,44.2
9.9,58.5,65.5,8,19.0,71.8
11.1,32.2,72.0,0,1.4,60.5
3.3,75.2,82.0,2,11.6,52.4
11.4,37.2,11.0,4,0.8,43.8
12.0,59.4,4.5,7,3.8,52.4
2.0,64.9,11.3,4,3.9,30.3
6.9,64.7,82.8,0,0.5,52.8
10.1,55.9,30.9,1,8.7,47.9
8.0,3.4,34.4,0,7.1,30.3
13.2,31.6,27.2,8,14.6,59.6
10.4,27.8,27.4,4,16.2,47.4
6.2,30.7,52.7,1,9.5,41.7
15.8,35.2,94.2,0,12.2,79.2
10.0,36.6,59.8,0,13.7,52.6
0.4,12.8,22.2,10,5.0,19.2
8.3,14.1,89.5,2,10.3,55.2
11.4,78.4,41.6,5,13.6,66.3
8.8,39.8,96.6,8,13.2,67.9
15.5,88.8,72.9,2,8.1,81.4
12.2,44.2,8.4,3,14.0,54.1
12.8,54.6,67.5,4,15.6,73.0
1.8,85.9,17.3,6,7.9,35.2
9.7,49.8,70.5,9,3.4,63.5
2.6,12.3,13.1,5,18.7,28.5
11.2,47.7,80.6,9,15.8,78.3
10.0,30.4,22.9,4,18.5,45.3
9.7,87.0,0.1,0,13.5,51.0
14.4,7.0,87.4,6,18.0,73.6
6.1,55.2,23.1,1,18.3,43.9
13.2,42.0,53.6,8,18.5,75.8
4.7,18.1,19.7,9,16.4,36.6
0.7,25.0,96.9,5,18.2,50.6
15.8,50.4,62.2,2,14.4,74.3
5.3,32.5,75.1,2,7.0,43.8
7.0,52.2,3.7,2,9.7,31.6
8.3,81.9,1.5,1,11.6,38.5
2.9,67.7,57.1,7,7.8,43.5
14.6,61.3,89.6,8,10.1,92.0
4.1,76.7,24.3,6,0.9,38.0
14.3,75.4,12.6,3,16.3,64.8
9.7,85.8,80.4,1,9.4,66.0
3.4,75.5,53.2,1,2.5,41.8
14.7,15.0,69.3,2,5.1,64.8
7.9,70.0,22.1,10,3.3,52.1
6.8,26.0,97.1,6,10.7,60.4
11.3,96.7,70.8,1,2.8,75.6
12.4,73.3,37.1,6,1.9,60.8
9.1,81.0,20.8,1,10.2,51.8
4.4,4.2,73.2,5,10.5,45.8
14.4,52.0,38.5,6,19.9,73.4
2.7,51.9,67.7,9,13.3,46.2
3.8,95.0,97.3,0,1.0,55.0
10.2,8.7,1.0,7,0.3,32.1
7.2,15.6,42.5,10,19.6,46.5
5.6,21.2,3.1,2,7.2,28.4
10.8,28.1,49.7,3,6.3,50.3
10.5,54.5,0.7,6,10.4,42.1
12.6,17.2,6.2,0,16.5,40.6
12.4,68.5,14.8,2,11.7,52.9
4.9,4.7,6.7,1,3.1,18.8
1.3,73.6,54.9,9,19.6,53.5
12.9,2.9,8.5,2,13.0,41.6
4.8,23.5,52.0,7,8.8,45.7
0.8,38.2,3.9,3,16.9,20.9
9.9,63.9,54.5,1,10.1,62.2
8.2,81.1,20.8,7,1.0,52.0
7.8,81.5,59.7,8,8.9,68.0
15.2,68.5,19.3,1,19.3,67.3
4.0,46.5,8.4,0,6.2,24.4
15.6,15.9,50.6,6,11.8,71.7
10.4,74.5,54.6,5,18.3,65.4
9.5,44.2,60.1,4,15.8,63.9
5.5,8.5,42.1,4,14.7,39.8
14.6,19.7,59.1,10,11.4,76.0
5.9,83.8,70.2,0,0.8,50.8
5.8,24.8,71.1,0,19.2,49.4
14.3,25.7,73.5,6,16.3,74.3
11.9,72.4,44.6,7,0.0,64.3
4.6,94.7,88.9,10,6.7,67.8
4.7,82.7,42.4,6,18.3,53.7
6.6,94.2,8.4,4,19.4,52.9
15.9,44.4,73.4,4,16.3,75.8
14.4,50.4,50.3,7,18.4,75.2
8.6,90.7,47.1,10,9.5,68.5
5.0,60.5,88.5,7,2.9,55.0
15.7,66.7,91.2,8,10.1,94.9
5.4,95.5,17.5,10,14.2,49.3
6.3,65.0,85.8,1,6.4,61.3
3.4,90.3,98.6,7,19.9,72.0
9.0,56.3,23.0,4,15.9,54.9
15.5,73.2,54.2,6,15.6,83.1
14.0,31.8,49.5,6,9.4,61.7
15.5,74.7,33.5,0,18.3,65.7
10.4,99.0,2.4,3,7.5,50.1
15.0,76.8,55.6,9,15.3,79.7
2.5,12.1,31.6,8,17.6,27.3
13.1,68.2,99.3,6,1.7,85.3
10.5,63.8,46.0,1,11.7,54.4
4.2,45.9,84.1,6,18.1,60.8
6.6,11.0,5.8,6,11.2,25.8
11.7,41.3,27.9,9,1.7,53.0
2.8,22.7,32.2,3,19.7,27.9
11.8,89.4,66.8,10,17.7,83.0
4.4,7.2,86.7,4,8.7,50.4
6.6,51.4,46.5,0,14.0,48.7
15.4,97.1,85.6,4,4.5,92.9
12.6,16.8,79.0,6,4.2,65.7
1.6,80.4,90.1,7,3.2,52.9
13.3,49.7,52.4,3,7.8,68.6
2.4,85.5,27.6,9,14.4,41.9
4.8,68.1,40.5,1,15.9,43.4
1.2,69.8,59.0,4,4.9,36.5
10.9,65.5,88.1,0,15.9,73.1
4.2,92.4,60.3,7,5.4,58.1
7.0,3.2,76.4,7,18.5,51.4
6.0,10.3,42.1,5,13.8,40.1
15.0,59.8,50.9,1,7.4,67.1
10.1,27.4,59.0,7,6.7,61.8
3.9,38.4,1.7,4,9.0,24.6
12.3,13.9,29.9,5,8.3,53.3
0.1,36.1,34.3,2,19.3,25.7
11.7,26.2,71.8,0,6.5,63.1
13.4,69.8,93.3,3,1.0,81.4
14.4,4.2,20.8,6,18.7,57.2
0.6,61.5,81.1,9,13.3,50.6
4.6,98.7,35.1,10,11.2,59.4
15.1,28.3,56.1,2,3.8,63.7
2.6,92.8,63.8,3,2.8,45.2
12.2,1.2,88.5,1,13.2,61.8
10.6,75.3,98.7,3,9.3,79.2
11.8,0.7,85.5,8,10.2,66.4
0.8,35.9,89.6,3,10.1,45.5
6.8,17.7,21.8,0,16.0,33.5
7.1,82.9,47.9,9,0.9,57.9
15.7,27.2,68.3,9,2.1,75.8
14.4,92.5,90.2,1,12.8,86.3
6.3,59.3,82.5,0,11.8,59.1
4.9,1.7,93.5,7,14.3,48.9
1.6,23.1,51.9,1,5.7,23.3
4.6,23.4,21.2,7,12.4,31.8
14.0,46.7,19.8,2,13.2,52.7
10.7,93.0,47.1,5,15.3,73.3
5.6,90.8,14.8,4,14.2,42.4
2.1,88.4,11.3,10,3.0,37.1
6.5,81.1,71.6,10,9.0,67.5
3.0,63.3,88.1,3,14.7,58.1
13.6,91.8,90.4,6,16.9,95.5
15.4,39.3,55.0,5,5.9,71.3
7.2,81.1,80.2,5,6.6,66.9
4.6,80.9,42.3,9,12.5,53.6
12.3,52.0,63.1,6,14.2,73.7
15.3,75.2,42.4,2,2.6,72.1
4.4,78.7,77.1,2,10.1,52.8
6.4,60.5,39.1,1,11.1,45.3
12.2,13.9,68.1,0,5.7,51.1
8.0,3.0,16.2,1,11.7,32.6
5.1,16.0,18.5,3,8.4,22.8
15.7,23.7,37.2,0,8.2,63.0
11.2,91.4,19.0,8,0.8,57.4
8.3,92.2,55.1,2,13.8,60.8
14.1,0.4,99.8,2,14.8,70.2
5.0,16.5,37.5,1,8.3,35.6
11.4,21.9,71.3,2,3.3,54.9
15.8,84.3,39.6,6,10.5,81.6
0.4,98.2,10.7,3,8.4,26.3
4.0,77.2,23.9,5,4.8,39.6
7.5,76.4,96.1,9,15.3,75.3
9.3,3.7,7.8,4,16.1,38.4
16.0,71.2,8.1,7,12.1,71.1
14.8,49.8,33.4,1,19.2,65.9
7.1,34.6,93.0,9,14.8,64.5
15.7,95.4,71.2,8,4.8,86.6
14.7,0.5,18.3,3,6.3,44.1
13.0,25.6,41.8,3,1.7,49.9
12.5,49.2,44.1,3,14.6,60.8
13.3,81.7,63.1,6,16.2,76.2
0.6,73.9,8.6,10,18.6,35.3
8.2,64.8,28.6,3,9.1,44.1
13.2,57.6,57.1,0,6.2,59.2
10.1,65.5,61.7,10,3.9,65.9
12.6,24.0,69.8,4,16.0,63.1
7.4,58.5,10.0,10,1.8,41.8
14.9,73.9,90.4,7,13.3,87.8
14.2,6.2,53.4,5,19.5,60.8
10.3,86.5,58.6,7,11.1,71.6
12.6,78.3,67.8,3,7.4,71.4
11.0,99.2,49.7,7,11.5,77.8
12.2,87.8,42.6,10,17.1,76.5
6.1,31.8,63.2,7,0.1,52.2
2.3,13.7,26.5,7,4.1,22.7
14.8,7.8,4.8,9,5.8,48.0
1.1,27.5,78.0,1,3.8,34.3
3.5,91.9,90.4,9,13.2,68.7
0.6,89.3,68.6,0,1.9,38.9
15.7,61.5,43.9,0,19.9,68.2
8.0,53.0,93.5,3,0.0,63.7
11.4,29.2,69.9,6,1.1,65.9
2.6,68.7,99.2,5,1.3,59.1
2.2,32.9,2.3,3,6.8,20.8
5.1,79.0,21.8,6,19.0,46.5
14.3,11.0,33.9,5,1.1,55.1
15.7,57.2,44.3,5,5.5,68.6
14.8,66.0,11.2,2,17.4,64.6
14.7,67.2,54.1,10,19.3,78.9
13.8,76.9,78.7,8,15.4,85.9
9.2,4.2,96.0,1,9.7,57.0
12.4,32.7,91.7,10,8.9,76.2
0.9,69.4,55.9,0,19.9,37.7
6.8,32.9,78.4,5,12.4,52.1
4.6,79.1,59.4,5,2.4,48.7
9.6,63.4,35.9,6,13.8,53.8
0.7,17.0,63.8,5,12.1,36.4
0.3,92.7,10.1,4,8.0,29.5
1.9,60.9,97.2,1,5.2,46.1
14.7,43.3,11.9,6,5.2,58.2
15.1,77.8,66.3,7,15.8,87.7
13.6,79.9,49.1,9,0.7,77.4
7.6,75.0,55.3,0,7.0,54.4
1.9,81.4,97.8,4,1.1,58.0
6.2,52.6,25.1,8,6.8,39.4
15.1,27.5,86.7,1,2.0,72.9
3.5,76.9,13.4,10,8.3,41.8
8.9,75.3,28.8,7,14.3,53.9
9.5,58.0,37.4,3,9.5,57.8
14.6,75.9,23.8,1,0.1,57.3
13.8,92.2,54.0,7,0.4,72.4
2.3,42.3,87.6,4,2.2,41.4
8.2,6.2,56.9,1,1.4,43.6
3.2,7.8,33.5,0,0.1,19.4
13.5,19.7,13.5,9,10.4,54.8
10.9,70.9,96.2,8,17.1,86.7
13.6,86.6,62.9,0,15.7,71.9
12.8,62.0,52.3,4,15.0,74.2
15.1,83.8,84.9,10,7.3,92.4
15.3,23.4,20.4,3,12.7,55.9
7.9,96.5,94.3,5,19.1,79.3
9.9,13.7,66.3,8,13.9,58.9
3.7,61.9,80.2,1,3.9,49.0
15.6,21.9,8.9,6,6.1,58.9
2.1,93.8,79.0,9,1.8,58.0
9.4,40.6,74.0,7,1.0,63.0
8.7,73.7,0.0,10,10.1,45.5
11.0,12.6,76.9,1,11.6,56.7
11.6,21.3,63.7,6,3.9,59.4
14.3,39.4,29.7,9,8.9,67.4
13.0,84.6,91.5,1,2.7,81.7
9.5,51.8,23.2,4,1.6,45.1
10.8,30.9,9.5,6,6.5,44.5
4.1,76.7,1.1,9,0.6,35.6
4.2,64.9,24.5,2,1.2,35.5
3.7,62.3,48.1,7,9.3,44.8
10.6,37.0,3.4,5,6.3,43.1
9.2,49.8,67.5,5,10.4,63.8
2.9,79.3,82.4,0,19.4,58.0
2.6,61.0,66.3,9,9.7,48.2
0.7,29.6,72.0,7,17.7,37.9
7.6,87.8,83.9,4,1.3,62.0
13.4,5.8,45.0,4,8.9,56.3
11.5,90.4,89.5,10,12.3,86.9
4.5,53.2,60.8,4,1.3,44.7
15.8,76.3,37.2,10,17.3,85.8
2.8,62.5,1.2,10,9.2,29.2
3.5,31.0,51.3,7,9.2,40.9
14.8,33.8,9.0,9,10.0,58.6
3.4,0.5,0.3,7,14.2,23.2
1.0,38.8,77.6,8,18.8,43.7
10.9,96.6,40.5,4,10.9,62.1
2.3,6.4,28.0,2,18.1,27.6
15.7,30.4,67.8,9,15.8,80.4
13.1,43.2,12.0,4,14.1,50.1
15.1,39.7,77.3,9,18.9,82.8
6.0,1.6,60.0,2,3.8,33.1
6.8,27.0,5.2,2,2.0,23.4
8.7,61.9,79.7,1,1.5,57.2
8.5,86.5,62.2,10,7.2,68.1
5.6,88.0,16.5,5,9.7,48.0
5.5,55.7,42.6,5,2.7,40.4
3.1,97.4,98.3,5,6.7,68.3
12.4,81.5,95.1,0,3.7,75.5
6.6,79.2,73.7,6,5.0,62.1
15.0,55.6,47.5,1,3.9,65.1
12.9,80.3,80.6,9,10.8,81.1
14.9,25.8,93.2,2,0.3,71.6
7.3,44.1,69.2,7,3.2,56.7
2.8,7.7,2.4,2,7.2,15.7
1.0,72.1,61.0,2,18.4,42.0
6.0,44.6,50.2,5,19.9,49.0
6.1,77.7,94.8,2,1.6,56.8
12.7,6.9,96.2,9,17.4,81.8
12.8,58.2,21.3,0,3.4,50.3
4.8,88.8,52.8,2,0.1,46.1
0.9,13.1,46.9,0,15.3,27.2
8.2,57.3,8.9,7,0.2,42.0
6.8,19.1,51.0,0,19.8,46.0
13.3,44.6,47.6,9,18.7,68.5
11.9,51.1,33.0,10,12.0,62.3
14.6,19.1,90.2,9,13.5,76.3
5.7,71.3,94.6,6,12.2,71.1
1.3,63.5,62.9,2,12.0,39.4
13.9,49.5,47.9,2,12.7,61.0
6.8,84.1,29.8,2,4.9,50.1
3.6,53.2,23.6,10,6.5,36.1
9.0,17.8,11.6,3,3.2,29.8
8.0,27.1,66.7,2,4.2,49.4
1.3,23.4,88.6,1,14.4,40.8
9.5,85.8,72.0,9,9.4,72.5
8.5,86.0,25.3,10,1.1,55.1
10.7,38.1,13.5,4,9.4,43.7
14.3,88.2,83.8,9,5.6,90.3
0.7,63.8,13.6,5,18.6,30.4
12.3,16.4,7.2,6,18.6,44.1
7.7,86.6,89.6,7,8.6,71.4
12.5,2.5,25.3,1,2.1,43.6
2.1,33.9,11.1,6,14.0,24.1
5.0,85.3,86.2,9,18.7,67.6
3.7,73.4,49.8,3,9.2,48.6
13.7,33.1,59.3,5,19.7,74.3
7.6,34.4,27.5,4,15.5,47.3
10.5,93.9,63.3,6,15.1,77.3
1.7,18.0,4.3,3,14.1,17.0
6.9,70.1,22.8,5,1.5,44.7
2.2,43.4,59.8,5,14.6,40.8
2.7,83.1,11.6,7,13.9,34.9
5.1,66.6,84.6,8,7.2,57.1
14.9,17.2,88.8,4,8.8,79.0
10.7,47.7,11.0,0,8.9,41.0
8.7,88.1,64.6,1,0.4,55.1
11.0,36.5,3.0,4,11.7,39.4
15.7,23.4,54.9,0,1.4,64.5
7.3,20.9,93.8,8,7.6,59.1
11.3,97.9,31.0,3,8.2,59.2
2.5,5.9,8.2,10,14.9,21.9
4.2,5.8,41.0,2,7.2,33.4
3.0,12.1,88.1,10,6.5,45.0
2.8,73.9,56.1,7,6.5,43.9
0.5,39.8,99.0,5,3.3,41.9
7.3,9.7,44.2,0,10.3,33.4
2.8,63.0,77.5,0,3.9,39.7
1.0,75.1,72.9,6,7.4,44.7
10.5,74.8,27.8,2,3.6,51.5
15.6,82.4,27.3,1,19.2,75.3
3.0,50.3,5.5,4,17.7,24.6
12.3,66.6,76.7,9,2.5,75.1
9.9,95.0,32.2,10,8.2,70.5
14.3,51.9,28.7,7,16.6,72.4
4.7,6.0,91.2,5,15.1,54.5
13.0,59.2,63.5,2,3.9,69.7
10.0,32.5,98.5,9,17.9,76.6
11.9,15.9,91.0,1,4.9,67.9
5.9,96.1,16.2,1,16.8,48.5
3.7,15.8,49.5,0,16.0,31.2
2.0,29.1,15.5,4,12.4,22.3
1.1,45.0,36.6,8,11.1,38.9
11.8,2.5,88.1,2,2.5,57.3
5.2,17.1,79.4,5,3.2,47.6
6.4,89.1,35.4,9,10.2,60.4
12.7,37.6,29.6,3,0.5,53.0
15.6,5.7,58.2,1,17.7,66.3
12.4,82.6,45.7,2,4.1,67.1
8.3,39.5,18.4,9,1.7,46.6
5.3,22.4,45.4,2,3.9,38.7
8.5,72.2,51.6,4,8.0,54.6
11.4,1.8,90.0,7,10.4,63.6
11.6,61.1,93.5,1,14.2,76.5
10.3,91.5,11.8,7,13.4,54.4
3.3,23.4,97.8,3,13.3,52.5
15.8,64.1,0.6,4,2.1,58.7
7.2,60.3,55.0,3,1.2,52.5
10.8,31.6,87.9,3,5.9,65.1
14.2,42.4,31.8,8,10.9,64.8
10.1,16.4,82.9,0,19.1,59.6
10.1,87.2,63.5,7,6.9,73.5
14.4,85.7,23.1,5,19.2,70.3
12.7,77.5,93.8,6,3.7,87.0
15.2,37.2,50.2,1,4.8,67.3
6.4,74.4,24.6,2,1.5,41.5
5.0,94.9,34.8,7,16.6,57.6
3.8,21.6,55.5,4,18.2,37.5
3.1,92.8,76.9,8,18.2,62.7
4.6,44.3,30.1,3,6.8,36.1
7.0,29.7,48.0,10,16.6,50.8
2.7,85.6,79.4,9,14.2,61.1
10.8,85.2,78.5,1,6.2,67.3
15.6,37.8,12.4,2,15.6,53.8
11.4,48.9,89.8,8,19.8,81.7
4.2,29.5,77.9,4,7.8,44.3
14.5,45.4,16.2,10,8.8,64.1
0.5,59.2,3.3,6,14.6,25.6
5.9,56.1,88.2,2,13.1,57.4
4.4,72.4,86.7,7,14.4,63.6
1.3,32.3,63.0,1,8.0,34.4
4.6,78.8,80.3,0,3.9,53.7
9.1,40.1,27.6,3,7.4,42.5
8.7,37.9,72.7,1,13.6,54.0
8.7,90.8,16.6,4,0.1,48.8
5.4,2.0,89.9,4,2.9,50.9
5.7,26.3,11.2,6,2.0,31.9
5.2,16.4,31.9,2,9.8,29.3
15.0,83.8,79.2,6,1.2,84.2
1.5,97.3,48.4,7,11.3,51.2
9.6,71.1,22.6,2,12.3,51.6
11.3,26.2,30.8,6,18.8,52.3
5.8,75.1,43.0,6,7.2,50.1
0.8,47.1,38.1,6,9.9,27.8
8.9,93.4,63.2,2,18.3,64.8
2.2,32.1,91.1,6,16.4,54.3
15.9,73.6,77.4,10,18.7,96.9
14.3,60.8,65.8,0,4.6,64.9
2.2,33.5,13.4,5,8.1,25.2
5.0,86.0,15.3,0,1.1,39.1
9.3,54.2,89.6,10,13.9,77.4
11.2,49.2,11.3,1,12.0,42.7
5.1,22.7,94.6,10,5.7,62.3
6.7,97.2,35.5,3,17.5,58.5
1.7,39.8,91.2,4,16.0,50.2
5.3,14.3,76.7,7,9.7,53.8
11.7,10.8,23.2,4,13.9,50.5
10.5,31.9,2.4,8,12.3,49.7
11.2,0.7,36.3,5,3.3,49.2
4.0,49.0,40.1,4,11.5,39.1
1.0,83.6,42.4,2,0.6,30.9
7.9,62.8,26.9,5,1.0,50.4
6.1,85.2,8.2,8,3.9,43.2
5.8,87.6,77.8,1,11.7,62.3
12.6,19.2,84.6,6,2.5,71.4
14.0,71.4,74.0,1,17.5,77.9
8.7,24.5,75.6,3,5.7,55.4
8.1,4.4,12.1,6,16.2,33.8
9.7,66.9,46.1,2,10.0,57.8
7.4,40.4,0.6,0,4.4,25.5
7.4,16.1,0.5,3,17.9,32.8
6.1,67.3,9.9,3,16.1,38.4
14.1,73.7,6.2,4,9.3,57.7
14.7,79.5,95.4,5,10.1,90.3
8.4,57.4,82.1,0,19.2,68.6
3.4,39.5,14.6,0,18.1,27.2
0.8,18.7,63.3,5,8.8,28.3
15.6,57.4,15.3,9,15.0,71.8
7.6,89.3,90.5,8,18.1,76.4
6.8,60.1,100.0,7,6.2,65.5
2.3,26.7,3.0,7,1.7,18.6
13.8,47.3,53.5,2,15.3,69.4
3.9,67.3,45.7,3,8.4,46.6
12.9,9.7,13.4,8,2.7,47.2
15.2,63.1,58.5,3,17.5,74.2
10.0,25.5,79.2,6,10.8,58.7
14.1,19.9,83.9,1,4.5,62.0
4.7,96.6,24.1,1,6.8,39.9
9.5,95.8,24.6,1,9.4,56.6
8.8,42.7,97.9,8,12.6,68.7
3.4,13.9,16.0,9,6.9,24.5
14.4,87.0,57.1,7,10.1,81.3
11.4,20.9,79.9,0,15.9,66.6
11.7,8.3,51.9,3,7.4,56.5
7.2,33.7,96.3,8,17.2,66.4
14.8,75.5,10.6,2,19.0,65.1
4.6,90.8,72.4,1,19.3,60.9
9.9,86.8,98.1,0,2.3,71.2
4.6,8.2,91.8,8,5.6,46.1
0.7,81.3,66.2,10,4.2,48.1
11.3,65.2,30.2,4,19.4,59.1
13.4,81.0,48.3,6,15.3,80.0
6.2,60.1,70.7,5,15.5,59.2
6.6,71.3,59.4,0,6.8,54.8
14.3,98.5,30.8,5,4.2,72.5
3.3,14.2,3.7,6,18.6,25.6
4.4,89.8,17.7,1,11.5,35.1
15.4,94.0,91.9,0,7.9,85.3
14.0,9.8,63.2,6,6.2,65.2
7.5,69.8,14.4,5,17.2,48.6
3.2,11.5,32.9,9,14.3,33.3
0.7,41.0,25.9,4,17.7,26.0
0.4,24.7,27.6,9,5.2,25.6
7.5,68.4,26.6,9,5.9,48.6
4.6,21.2,37.8,0,18.2,33.2
0.2,55.3,74.6,9,18.9,48.9
13.9,80.7,73.7,1,4.3,75.0
0.9,69.4,90.7,8,13.9,58.8
6.3,45.7,10.2,8,3.3,32.6
1.7,86.0,5.1,1,10.4,25.4
8.0,28.3,63.1,1,13.4,47.2
0.2,58.8,32.8,2,19.6,26.5
10.5,17.6,87.8,3,4.4,64.9
2.8,46.7,93.1,1,14.8,50.5
6.5,96.6,5.2,3,17.3,43.9
10.5,2.4,64.0,7,9.4,53.1
7.1,19.1,10.2,3,8.4,30.2
10.7,81.2,8.0,3,3.5,50.9
9.6,19.2,63.5,5,18.2,63.2
8.5,75.1,36.4,4,16.7,58.1
11.1,40.9,84.3,4,12.0,73.6
15.0,49.6,55.3,9,13.3,81.9
2.0,12.5,43.9,6,10.5,25.4
5.5,63.0,29.8,4,10.0,38.0
10.8,72.7,62.9,0,3.4,59.7
11.2,87.7,71.0,7,9.3,76.0
7.3,31.2,24.0,5,14.1,37.1
6.0,46.8,78.8,7,4.0,55.6
14.6,0.1,24.8,7,11.0,51.4
10.8,66.4,70.6,1,0.5,58.3
15.0,41.6,18.8,10,1.2,60.2
4.8,31.2,45.5,7,8.1,40.9
15.5,49.4,48.3,6,4.2,75.1
9.4,80.0,40.0,9,1.4,60.8
14.7,12.9,38.3,4,5.7,61.7
14.0,79.7,93.6,2,3.3,86.2
15.2,95.8,28.5,5,11.6,71.2
14.7,17.7,0.6,6,2.9,51.1
0.1,97.2,77.7,6,10.6,52.3
1.6,6.4,6.9,3,16.5,14.7
0.9,46.8,75.3,9,15.1,44.9
8.4,19.2,98.8,6,3.8,59.8
6.4,46.0,55.6,8,18.0,55.4
7.4,79.1,33.2,6,9.4,51.5
9.5,46.0,95.8,7,20.0,78.1
4.2,51.5,47.5,9,4.2,42.1
3.3,92.8,0.2,0,0.7,23.0
14.4,4.7,37.5,10,8.0,63.6
13.0,24.8,32.8,1,14.2,57.5
8.5,86.8,31.4,10,14.2,62.2
4.9,74.9,48.0,9,16.8,58.0
3.2,3.1,64.9,9,7.9,35.1
6.7,98.9,24.0,3,6.1,44.7
1.8,31.1,77.2,6,4.5,37.2
0.8,91.5,73.4,6,4.4,50.5
7.6,3.6,12.0,2,2.3,24.3
15.3,81.7,50.9,5,6.9,78.7
1.9,60.0,28.5,6,2.2,32.8
7.0,83.2,34.6,8,13.0,52.8
15.4,69.1,97.3,4,6.0,85.8
2.5,30.6,34.6,9,7.7,37.5
1.7,53.2,27.8,0,6.5,28.9
14.4,43.6,64.3,3,1.1,67.3
8.2,88.3,10.8,9,19.3,56.3
2.2,73.7,0.5,9,15.2,32.0
14.1,67.7,55.8,10,9.1,80.7
13.3,6.3,18.3,7,10.8,46.8
10.4,16.4,26.8,0,11.0,42.6
4.1,73.8,27.1,7,14.0,47.3
12.3,69.2,82.0,6,9.7,82.7
13.1,43.5,58.9,9,6.2,73.9
2.7,95.3,18.6,10,12.7,43.1
5.3,1.9,13.8,9,12.5,34.5
